"Path","Platform","Compiled","Cooked","Permutations","Compiletime","CompiledDouble","CookedDouble"
"/Engine/EngineDebugMaterials/BoneWeightMaterial.BoneWeightMaterial","0","6","6","1","5.411985","0","6"
"/Game/MWLandscapeAutoMaterial/Materials/MASTER/MTL_MWAM_AutoMaterial_MASTER.MTL_MWAM_AutoMaterial_MASTER","0","0","11","2","0.000000","0","40"
"/InterchangeAssets/gltf/M_Default.M_Default","0","0","136","6","0.000000","0","0"
"/InterchangeAssets/gltf/M_ClearCoat.M_ClearCoat","0","0","136","6","0.000000","0","0"
"/InterchangeAssets/gltf/M_Sheen.M_Sheen","0","0","120","6","0.000000","0","0"
"/InterchangeAssets/gltf/M_Transmission.M_Transmission","0","0","36","2","0.000000","0","0"
"/SpeedTreeImporter/SpeedTree9/SpeedTreeMaster.SpeedTreeMaster","0","0","32","1","0.000000","0","0"
"/SpeedTreeImporter/SpeedTree9/SpeedTreeBillboardMaster.SpeedTreeBillboardMaster","0","0","32","1","0.000000","0","0"
"/Game/MWLandscapeAutoMaterial/Materials/MASTER/MTL_MWAM_CoverFoliage_MASTER.MTL_MWAM_CoverFoliage_MASTER","0","0","128","4","0.000000","0","0"
"/Engine/EngineMaterials/Widget3DPassThrough.Widget3DPassThrough","0","0","50","6","0.000000","0","5"
"/Engine/EditorLandscapeResources/LandscapeLayerUsageMaterial.LandscapeLayerUsageMaterial","0","0","2","1","0.000000","0","0"
"/InterchangeAssets/gltf/M_Unlit.M_Unlit","0","0","100","6","0.000000","0","0"
"/InterchangeAssets/gltf/M_SpecularGlossiness.M_SpecularGlossiness","0","0","120","6","0.000000","0","0"
"/Game/Characters/Mannequins/Materials/M_Mannequin.M_Mannequin","0","0","64","2","0.000000","0","0"
"/Game/MWLandscapeAutoMaterial/Materials/MASTER/MTL_MW_VolumeClouds_MASTER.MTL_MW_VolumeClouds_MASTER","0","0","90","1","0.000000","0","0"
"/Paper2D/DefaultSpriteMaterial.DefaultSpriteMaterial","0","0","42","2","0.000000","0","0"
"/Engine/VREditor/SnapGrid/SnapGridMaterial.SnapGridMaterial","0","0","14","1","0.000000","0","0"
"/MeshModelingToolsetExp/Materials/PointSetOverlaidComponentMaterial.PointSetOverlaidComponentMaterial","0","0","9","1","0.000000","0","0"
"/Game/Materials/grass.grass","0","0","12","1","0.000000","0","0"
"/Engine/EngineSky/VolumetricClouds/m_SimpleVolumetricCloud.m_SimpleVolumetricCloud","0","0","90","1","0.000000","0","0"
"/Engine/EditorLandscapeResources/MaskBrushMaterial.MaskBrushMaterial","0","0","5","1","0.000000","0","5"
"/Game/Materials/M_fogdense.M_fogdense","0","0","10","1","0.000000","0","0"
"/Game/Materials/light/hiddenwall.hiddenwall","0","0","3","1","0.000000","0","0"
"/Game/Materials/levlight.levlight","0","0","25","1","0.000000","0","0"
"/Game/Materials/levB.levB","0","0","3","1","0.000000","0","0"
"/Engine/EditorLandscapeResources/SelectBrushMaterial.SelectBrushMaterial","0","0","10","2","0.000000","0","0"
"/Game/Materials/lightalien.lightalien","0","0","6","1","0.000000","0","0"
"/Game/Materials/levalien.levalien","0","0","6","1","0.000000","0","0"
"/Game/Materials/camoalien.camoalien","0","0","16","1","0.000000","0","0"
"/Game/Materials/clark/clarkface.clarkface","0","0","3","1","0.000000","0","0"
"/Game/Materials/clark/clarkbody.clarkbody","0","0","3","1","0.000000","0","0"
"/Game/Materials/main.main","0","0","6","1","0.000000","0","0"
"/Game/Materials/camo/hiddenwall1.hiddenwall1","0","0","8","1","0.000000","0","0"
"/Game/Materials/M_fog.M_fog","0","0","10","1","0.000000","0","0"
"/Game/Materials/lightBuilding1.lightBuilding1","0","0","3","1","0.000000","0","0"
"/Game/Materials/levtexture.levtexture","0","0","3","1","0.000000","0","0"
"/Game/Materials/lightbuilding3.lightbuilding3","0","0","25","1","0.000000","0","0"
"/Game/Materials/lightbuilding2.lightbuilding2","0","0","25","1","0.000000","0","0"
"/Game/Materials/camo/CamoWall.CamoWall","0","0","10","1","0.000000","0","0"
"/Game/Materials/camolight1.camolight1","0","0","25","1","0.000000","0","0"
"/Game/Materials/camolight.camolight","0","0","25","1","0.000000","0","0"
"/Game/StarterContent/Materials/M_Rock_Slate.M_Rock_Slate","0","0","3","1","0.000000","0","0"
"/Engine/EngineMaterials/DefaultTextMaterialOpaque.DefaultTextMaterialOpaque","0","0","16","1","0.000000","0","0"
"/Engine/EngineMaterials/DefaultDeferredDecalMaterial.DefaultDeferredDecalMaterial","0","0","75","1","0.000000","0","0"
"/Engine/EngineMaterials/DefaultPostProcessMaterial.DefaultPostProcessMaterial","0","0","31","1","0.000000","0","0"
"/Engine/EngineDebugMaterials/M_VolumeRenderSphereTracePP.M_VolumeRenderSphereTracePP","0","0","5","1","0.000000","0","0"
"/Engine/EditorMaterials/PreviewShadowIndicatorMaterial.PreviewShadowIndicatorMaterial","0","0","25","1","0.000000","0","0"
"/HairStrands/Materials/HairDebugMaterial.HairDebugMaterial","0","0","63","1","0.000000","0","0"
"/Engine/VREditor/TransformGizmo/TransformGizmoMaterial.TransformGizmoMaterial","0","0","2","1","0.000000","0","0"
"/Engine/EngineMaterials/FlattenMaterial_VT.FlattenMaterial_VT","0","0","6","1","0.000000","0","0"
"/Engine/EngineMaterials/FlattenMaterial_WS_Normal_VT.FlattenMaterial_WS_Normal_VT","0","0","6","1","0.000000","0","0"
"/Engine/EngineMaterials/WorldGridMaterial.WorldGridMaterial","0","0","606","1","0.000000","0","0"
"/Engine/EngineMaterials/DefaultMaterial.DefaultMaterial","0","0","24","1","0.000000","0","0"
"/ControlRig/M_Manip.M_Manip","0","0","9","1","0.000000","0","0"
"/Engine/EngineMaterials/PhAT_JointLimitMaterial.PhAT_JointLimitMaterial","0","0","9","1","0.000000","0","0"
"/Engine/EditorLandscapeResources/LayerVisMaterial.LayerVisMaterial","0","0","2","1","0.000000","0","0"
"/Engine/EditorLandscapeResources/ColorMaskBrushMaterial.ColorMaskBrushMaterial","0","0","5","1","0.000000","0","0"
"/Engine/EditorLandscapeResources/LandscapeDirtyMaterial.LandscapeDirtyMaterial","0","0","5","1","0.000000","0","0"
"/Engine/EngineMaterials/EmissiveMeshMaterial.EmissiveMeshMaterial","0","0","14","1","0.000000","0","0"
"/Engine/EngineMaterials/M_InvalidLightmapSettings.M_InvalidLightmapSettings","0","0","6","1","0.000000","0","0"
"/Engine/EngineMaterials/FlattenMaterial.FlattenMaterial","0","0","9","1","0.000000","0","0"
"/Game/Materials/clark/clarkfire.clarkfire","0","0","25","1","0.000000","0","0"
"/Game/Materials/clark/clarkbutton3.clarkbutton3","0","0","3","1","0.000000","0","0"
"/Game/Materials/clark/clarkbutton2.clarkbutton2","0","0","3","1","0.000000","0","0"
"/Game/Materials/clark/clarkbutton1.clarkbutton1","0","0","3","1","0.000000","0","0"
"/Game/Materials/clark/clarkbutton.clarkbutton","0","0","3","1","0.000000","0","0"
"/Game/Materials/camo.camo","0","0","16","1","0.000000","0","0"
"/Game/Materials/M_glass.M_glass","0","0","20","1","0.000000","0","0"
"/Engine/EngineMaterials/DefaultLightFunctionMaterial.DefaultLightFunctionMaterial","0","0","37","1","0.000000","0","0"
"/HairStrands/Materials/HairMeshesDefaultMaterial.HairMeshesDefaultMaterial","0","0","36","1","0.000000","0","0"
"/Engine/EditorLandscapeResources/SplineEditorMeshMat.SplineEditorMeshMat","0","0","12","1","0.000000","0","0"
"/Engine/EditorMaterials/Camera/CineMat.CineMat","0","0","6","1","0.000000","0","0"
"/Engine/EngineDebugMaterials/M_SimpleUnlitTranslucent.M_SimpleUnlitTranslucent","0","0","5","1","0.000000","0","0"
"/Engine/VREditor/TransformGizmo/TranslucentTransformGizmoMaterial.TranslucentTransformGizmoMaterial","0","0","5","1","0.000000","0","0"
"/HairStrands/Materials/HairDefaultMaterial.HairDefaultMaterial","0","0","36","1","0.000000","0","0"
"/HairStrands/Materials/HairCardsDefaultMaterial.HairCardsDefaultMaterial","0","0","63","1","0.000000","0","0"
"/Engine/BasicShapes/BasicShapeMaterial.BasicShapeMaterial","0","0","9","1","0.000000","0","0"
"/Engine/EditorMaterials/Dataflow/DataflowVertexMaterial.DataflowVertexMaterial","0","0","14","1","0.000000","0","0"
"/ControlRig/Controls/ControlRigXRayMaterial.ControlRigXRayMaterial","0","0","9","1","0.000000","0","0"
"/Engine/EditorMaterials/Dataflow/DataflowTwoSidedVertexMaterial.DataflowTwoSidedVertexMaterial","0","0","14","1","0.000000","0","0"
"/Engine/EditorMaterials/Dataflow/DataflowTwoSidedVertexMaterial.SculptMaterial","0","0","7","1","0.000000","0","0"
"/Engine/EngineMaterials/NaniteHiddenSectionMaterial.NaniteHiddenSectionMaterial","0","0","14","1","0.000000","0","0"
"/Engine/EngineMaterials/RemoveSurfaceMaterial.RemoveSurfaceMaterial","0","0","2","1","0.000000","0","0"
"/Engine/EngineDebugMaterials/DebugMeshMaterial.DebugMeshMaterial","0","0","7","1","0.000000","0","0"
"/Engine/EngineMaterials/GizmoMaterial.GizmoMaterial","0","0","6","1","0.000000","0","0"
"/Engine/EditorMaterials/PhAT_UnselectedMaterial.PhAT_UnselectedMaterial","0","0","5","1","0.000000","0","0"
"/Engine/EditorMaterials/PhAT_NoCollisionMaterial.PhAT_NoCollisionMaterial","0","0","5","1","0.000000","0","0"
"/Engine/EngineDebugMaterials/BoneWeightMaterial.BoneWeightMaterial","49","11","11","1","0.867079","0","11"
"/Game/MWLandscapeAutoMaterial/Materials/MASTER/MTL_MWAM_AutoMaterial_MASTER.MTL_MWAM_AutoMaterial_MASTER","49","0","32","2","0.000000","0","19"
"/InterchangeAssets/gltf/M_Default.M_Default","49","0","184","6","0.000000","0","0"
"/InterchangeAssets/gltf/M_ClearCoat.M_ClearCoat","49","0","184","6","0.000000","0","0"
"/InterchangeAssets/gltf/M_Sheen.M_Sheen","49","0","168","6","0.000000","0","0"
"/InterchangeAssets/gltf/M_Transmission.M_Transmission","49","0","54","2","0.000000","0","0"
"/SpeedTreeImporter/SpeedTree9/SpeedTreeMaster.SpeedTreeMaster","49","0","48","1","0.000000","0","0"
"/SpeedTreeImporter/SpeedTree9/SpeedTreeBillboardMaster.SpeedTreeBillboardMaster","49","0","48","1","0.000000","0","0"
"/Game/MWLandscapeAutoMaterial/Materials/MASTER/MTL_MWAM_CoverFoliage_MASTER.MTL_MWAM_CoverFoliage_MASTER","49","0","528","4","0.000000","0","0"
"/Engine/EngineMaterials/Widget3DPassThrough.Widget3DPassThrough","49","0","86","6","0.000000","0","10"
"/Engine/EditorLandscapeResources/LandscapeLayerUsageMaterial.LandscapeLayerUsageMaterial","49","0","7","1","0.000000","0","0"
"/InterchangeAssets/gltf/M_Unlit.M_Unlit","49","0","214","6","0.000000","0","0"
"/InterchangeAssets/gltf/M_SpecularGlossiness.M_SpecularGlossiness","49","0","168","6","0.000000","0","0"
"/Game/Characters/Mannequins/Materials/M_Mannequin.M_Mannequin","49","0","84","2","0.000000","0","0"
"/Game/MWLandscapeAutoMaterial/Materials/MASTER/MTL_MW_VolumeClouds_MASTER.MTL_MW_VolumeClouds_MASTER","49","0","93","1","0.000000","0","0"
"/Paper2D/DefaultSpriteMaterial.DefaultSpriteMaterial","49","0","64","2","0.000000","0","0"
"/Engine/VREditor/SnapGrid/SnapGridMaterial.SnapGridMaterial","49","0","22","1","0.000000","0","0"
"/MeshModelingToolsetExp/Materials/PointSetOverlaidComponentMaterial.PointSetOverlaidComponentMaterial","49","0","14","1","0.000000","0","0"
"/Game/Materials/grass.grass","49","0","19","1","0.000000","0","0"
"/Engine/EngineSky/VolumetricClouds/m_SimpleVolumetricCloud.m_SimpleVolumetricCloud","49","0","93","1","0.000000","0","0"
"/Engine/EditorLandscapeResources/MaskBrushMaterial.MaskBrushMaterial","49","0","10","1","0.000000","0","10"
"/Game/Materials/M_fogdense.M_fogdense","49","0","15","1","0.000000","0","0"
"/Game/Materials/light/hiddenwall.hiddenwall","49","0","13","1","0.000000","0","0"
"/Game/Materials/levlight.levlight","49","0","66","1","0.000000","0","0"
"/Game/Materials/levB.levB","49","0","13","1","0.000000","0","0"
"/Engine/EditorLandscapeResources/SelectBrushMaterial.SelectBrushMaterial","49","0","20","2","0.000000","0","0"
"/Game/Materials/lightalien.lightalien","49","0","11","1","0.000000","0","0"
"/Game/Materials/levalien.levalien","49","0","11","1","0.000000","0","0"
"/Game/Materials/camoalien.camoalien","49","0","21","1","0.000000","0","0"
"/Game/Materials/clark/clarkface.clarkface","49","0","13","1","0.000000","0","0"
"/Game/Materials/clark/clarkbody.clarkbody","49","0","13","1","0.000000","0","0"
"/Game/Materials/main.main","49","0","11","1","0.000000","0","0"
"/Game/Materials/camo/hiddenwall1.hiddenwall1","49","0","13","1","0.000000","0","0"
"/Game/Materials/M_fog.M_fog","49","0","15","1","0.000000","0","0"
"/Game/Materials/lightBuilding1.lightBuilding1","49","0","13","1","0.000000","0","0"
"/Game/Materials/levtexture.levtexture","49","0","13","1","0.000000","0","0"
"/Game/Materials/lightbuilding3.lightbuilding3","49","0","66","1","0.000000","0","0"
"/Game/Materials/lightbuilding2.lightbuilding2","49","0","66","1","0.000000","0","0"
"/Game/Materials/camo/CamoWall.CamoWall","49","0","15","1","0.000000","0","0"
"/Game/Materials/camolight1.camolight1","49","0","66","1","0.000000","0","0"
"/Game/Materials/camolight.camolight","49","0","66","1","0.000000","0","0"
"/Game/StarterContent/Materials/M_Rock_Slate.M_Rock_Slate","49","0","8","1","0.000000","0","0"
"/Engine/EngineMaterials/DefaultTextMaterialOpaque.DefaultTextMaterialOpaque","49","0","24","1","0.000000","0","0"
"/Engine/EngineMaterials/DefaultDeferredDecalMaterial.DefaultDeferredDecalMaterial","49","0","80","1","0.000000","0","0"
"/Engine/EngineMaterials/DefaultPostProcessMaterial.DefaultPostProcessMaterial","49","0","34","1","0.000000","0","0"
"/Engine/EngineDebugMaterials/M_VolumeRenderSphereTracePP.M_VolumeRenderSphereTracePP","49","0","8","1","0.000000","0","0"
"/Engine/EditorMaterials/PreviewShadowIndicatorMaterial.PreviewShadowIndicatorMaterial","49","0","66","1","0.000000","0","0"
"/HairStrands/Materials/HairDebugMaterial.HairDebugMaterial","49","0","79","1","0.000000","0","0"
"/Engine/VREditor/TransformGizmo/TransformGizmoMaterial.TransformGizmoMaterial","49","0","7","1","0.000000","0","0"
"/Engine/EngineMaterials/FlattenMaterial_VT.FlattenMaterial_VT","49","0","16","1","0.000000","0","0"
"/Engine/EngineMaterials/FlattenMaterial_WS_Normal_VT.FlattenMaterial_WS_Normal_VT","49","0","16","1","0.000000","0","0"
"/Engine/EngineMaterials/WorldGridMaterial.WorldGridMaterial","49","0","1809","1","0.000000","0","0"
"/Engine/EngineMaterials/DefaultMaterial.DefaultMaterial","49","0","45","1","0.000000","0","0"
"/ControlRig/M_Manip.M_Manip","49","0","14","1","0.000000","0","0"
"/Engine/EngineMaterials/PhAT_JointLimitMaterial.PhAT_JointLimitMaterial","49","0","14","1","0.000000","0","0"
"/Engine/EditorLandscapeResources/LayerVisMaterial.LayerVisMaterial","49","0","7","1","0.000000","0","0"
"/Engine/EditorLandscapeResources/ColorMaskBrushMaterial.ColorMaskBrushMaterial","49","0","10","1","0.000000","0","0"
"/Engine/EditorLandscapeResources/LandscapeDirtyMaterial.LandscapeDirtyMaterial","49","0","10","1","0.000000","0","0"
"/Engine/EngineMaterials/EmissiveMeshMaterial.EmissiveMeshMaterial","49","0","21","1","0.000000","0","0"
"/Engine/EngineMaterials/M_InvalidLightmapSettings.M_InvalidLightmapSettings","49","0","16","1","0.000000","0","0"
"/Engine/EngineMaterials/FlattenMaterial.FlattenMaterial","49","0","22","1","0.000000","0","0"
"/Game/Materials/clark/clarkfire.clarkfire","49","0","66","1","0.000000","0","0"
"/Game/Materials/clark/clarkbutton3.clarkbutton3","49","0","13","1","0.000000","0","0"
"/Game/Materials/clark/clarkbutton2.clarkbutton2","49","0","13","1","0.000000","0","0"
"/Game/Materials/clark/clarkbutton1.clarkbutton1","49","0","13","1","0.000000","0","0"
"/Game/Materials/clark/clarkbutton.clarkbutton","49","0","13","1","0.000000","0","0"
"/Game/Materials/camo.camo","49","0","21","1","0.000000","0","0"
"/Game/Materials/M_glass.M_glass","49","0","25","1","0.000000","0","0"
"/Engine/EngineMaterials/DefaultLightFunctionMaterial.DefaultLightFunctionMaterial","49","0","78","1","0.000000","0","0"
"/HairStrands/Materials/HairMeshesDefaultMaterial.HairMeshesDefaultMaterial","49","0","45","1","0.000000","0","0"
"/Engine/EditorLandscapeResources/SplineEditorMeshMat.SplineEditorMeshMat","49","0","24","1","0.000000","0","0"
"/Engine/EditorMaterials/Camera/CineMat.CineMat","49","0","14","1","0.000000","0","0"
"/Engine/EngineDebugMaterials/M_SimpleUnlitTranslucent.M_SimpleUnlitTranslucent","49","0","10","1","0.000000","0","0"
"/Engine/VREditor/TransformGizmo/TranslucentTransformGizmoMaterial.TranslucentTransformGizmoMaterial","49","0","10","1","0.000000","0","0"
"/HairStrands/Materials/HairDefaultMaterial.HairDefaultMaterial","49","0","45","1","0.000000","0","0"
"/HairStrands/Materials/HairCardsDefaultMaterial.HairCardsDefaultMaterial","49","0","79","1","0.000000","0","0"
"/Engine/BasicShapes/BasicShapeMaterial.BasicShapeMaterial","49","0","27","1","0.000000","0","0"
"/Engine/EditorMaterials/Dataflow/DataflowVertexMaterial.DataflowVertexMaterial","49","0","19","1","0.000000","0","0"
"/ControlRig/Controls/ControlRigXRayMaterial.ControlRigXRayMaterial","49","0","14","1","0.000000","0","0"
"/Engine/EditorMaterials/Dataflow/DataflowTwoSidedVertexMaterial.DataflowTwoSidedVertexMaterial","49","0","19","1","0.000000","0","0"
"/Engine/EditorMaterials/Dataflow/DataflowTwoSidedVertexMaterial.SculptMaterial","49","0","12","1","0.000000","0","0"
"/Engine/EngineMaterials/NaniteHiddenSectionMaterial.NaniteHiddenSectionMaterial","49","0","21","1","0.000000","0","0"
"/Engine/EngineMaterials/RemoveSurfaceMaterial.RemoveSurfaceMaterial","49","0","7","1","0.000000","0","0"
"/Engine/EngineDebugMaterials/DebugMeshMaterial.DebugMeshMaterial","49","0","12","1","0.000000","0","0"
"/Engine/EngineMaterials/GizmoMaterial.GizmoMaterial","49","0","11","1","0.000000","0","0"
"/Engine/EditorMaterials/PhAT_UnselectedMaterial.PhAT_UnselectedMaterial","49","0","10","1","0.000000","0","0"
"/Engine/EditorMaterials/PhAT_NoCollisionMaterial.PhAT_NoCollisionMaterial","49","0","10","1","0.000000","0","0"
